{"products":[{"id":"0.28986300632516304","qty":1}],"totalPrice":9.990000000000057}